USE DB_EmpBureau
	GO
	INSERT INTO dbo.TypeActivity (Code_Activity, Type_Activity) VALUES
	(1, 'Программирование'),
	(2, 'Дизайн'),
	(3, 'Маркетинг'),
	(4, 'Менеджмент'),
	(5, 'Анализ данных'),
	(6, 'Обслуживание клиентов'),
	(7, 'Продажи'),
	(8, 'Финансовый консультант'),
	(9, 'Юриспруденция'),
	(10, 'HR');

	INSERT INTO dbo.Employers (Code_Employer, Emp_Phone, Address, Title) VALUES
	(1, 1234567890, 'Москва, ул. Ленина, 1', 'ООО "Технологии"'),
	(2, 1234567891, 'Санкт-Петербург, пр. Невский, 2', 'ЗАО "Дизайн"'),
	(3, 1234567892, 'Казань, ул. Баумана, 3', 'ИП Иванов'),
	(4, 1234567893, 'Екатеринбург, ул. Чапаева, 4', 'ООО "Маркетинг"'),
	(5, 1234567894, 'Новосибирск, пр. Дзержинского, 5', 'ЗАО "Финансы"'),
	(6, 1234567895, 'Нижний Новгород, ул. Горького, 6', 'ООО "Консультации"'),
	(7, 1234567896, 'Челябинск, ул. Трубная, 7', 'ЗАО "Продажи"'),
	(8, 1234567897, 'Волгоград, пл. Пушкина, 8', 'ИП Петров'),
	(9, 1234567898, 'Уфа, ул. Зеленая, 9', 'ООО "HR"'),
	(10, 1234567899, 'Самара, ул. Чайковского, 10', 'ЗАО "Юристы"');

	INSERT INTO dbo.Applicants (Code_Applicant, Sername, Name, Code_Activity, Qualification, Other_Data) VALUES
	(1, 'Иванов', 'Иван', 1, 'Бакалавр', 'Frontend разработчик'),
	(2, 'Петров', 'Петр', 2, 'Специалист', 'Графический дизайнер'),
	(3, 'Сидоров', 'Сидор', 3, 'Магистр', 'Специалист по маркетингу'),
	(4, 'Кузнецов', 'Алексей', 4, 'Бакалавр', 'Менеджер проектов'),
	(5, 'Семенов', 'Семен', 5, 'Специалист', 'Аналитик'),
	(6, 'Федоров', 'Федор', 6, 'Бакалавр', 'Специалист по работе с клиентами'),
	(7, ' Николаев', 'Николай', 7, 'Магистр', 'Менеджер по продажам'),
	(8, 'Григорьев', 'Григорий', 8, 'Бакалавр', 'Финансовый аналитик'),
	(9, 'Алексеев', 'Алексей', 9, 'Специалист', 'Юрист'),
	(10, 'Лебедев', 'Олег', 10, 'Магистр', 'HR менеджер');

	INSERT INTO dbo.Transactions (Code_Employer, Code_Applicant, Code_Activity, Comission) VALUES
	(1, 1, 1, 5000),
	(2, 2, 2, 3000),
	(3, 3, 3, 4000),
	(4, 4, 4, 4500),
	(5, 5, 5, 7000),
	(6, 6, 6, 3500),
	(7, 7, 7, 8000),
	(8, 8, 8, 6000),
	(9, 9, 9, 5500),
	(10, 10, 10, 7500);

	INSERT INTO dbo.Vacancy (Code_Employer, Code_Activity, Salary) VALUES
	(1, 1, 80000),
	(2, 2, 60000),
	(3, 3, 50000),
	(4, 4, 70000),
	(5, 5, 90000),
	(6, 6, 65000),
	(7, 7, 80000),
	(8, 8, 70000),
	(9, 9, 75000),
	(10, 10, 85000);